track_id,track_name,artist_name,album_name,genre,release_year,popularity,danceability,energy,loudness,speechiness,acousticness,instrumentalness,liveness,valence,tempo,duration_ms,explicit
SPOT001,Top Song 1,Arijit Singh,Album 1,Pop,2024.0,83,0.46,0.83,-5.23,0.123,0.093,0.092,0.267,0.307,143.34,214820,False
SPOT002,Top Song 2,Taylor Swift,Album 1,Hip-Hop,2021.0,84,0.477,0.424,-8.53,0.09,0.403,0.086,0.239,0.659,89.65,280523,False
SPOT003,Top Song 3,The Weeknd,Album 2,R&B,2024.0,98,0.659,0.703,-9.63,0.16,0.144,0.013,0.667,0.924,159.88,218148,False
SPOT004,Top Song 4,Drake,Album 2,Rock,2021.0,61,0.716,0.867,-8.61,0.11,0.153,0.151,0.326,0.356,134.61,159692,False
SPOT005,Top Song 5,Billie Eilish,Album 3,EDM,2019.0,98,0.914,0.908,-5.22,0.232,0.085,0.039,0.079,0.444,115.81,232798,False
SPOT006,Top Song 6,Ed Sheeran,Album 3,Pop,2019.0,79,0.519,0.669,-8.87,0.205,0.074,0.197,0.552,0.349,75.58,286330,True
SPOT007,Top Song 7,Dua Lipa,Album 4,Hip-Hop,2025.0,89,0.824,0.712,-2.59,0.17,0.688,0.17,0.342,0.272,113.94,227373,False
SPOT008,Top Song 8,,Album 4,R&B,2020.0,98,0.733,0.903,-6.22,0.048,0.541,0.152,0.415,0.778,126.85,269176,False
SPOT009,Top Song 9,Bad Bunny,Album 5,Rock,2019.0,96,0.614,0.437,-2.83,0.129,0.431,0.139,0.141,0.653,131.68,212623,False
SPOT010,Top Song 10,Justin Bieber,Album 5,EDM,2020.0,76,0.878,0.725,-7.63,0.044,0.353,0.044,0.321,0.862,109.06,225766,False
SPOT011,Top Song 11,Post Malone,Album 6,Pop,2024.0,87,0.513,0.74,-10.0,0.101,0.242,0.033,0.397,0.564,147.71,163545,False
SPOT012,Top Song 12,Bruno Mars,Album 6,Hip-Hop,2024.0,86,0.661,0.778,-7.09,0.244,0.723,0.05,0.373,0.426,104.91,243264,False
SPOT013,Top Song 13,Harry Styles,Album 7,R&B,2019.0,56,0.597,0.322,-7.24,0.166,0.517,0.106,0.341,0.615,137.23,248506,False
SPOT014,Top Song 14,SZA,Album 7,Rock,2018.0,92,0.571,0.73,-4.93,0.143,0.086,0.167,0.259,0.34,79.28,199811,False
SPOT015,Top Song 15,Adele,Album 8,EDM,2021.0,73,0.777,0.85,-7.21,0.042,0.707,0.08,0.387,0.828,145.95,189384,False
SPOT016,Top Song 16,Doja Cat,Album 8,Pop,2024.0,84,0.767,0.455,-8.6,0.246,0.397,0.052,0.698,0.924,133.62,179855,False
SPOT017,Top Song 17,Coldplay,Album 9,Hip-Hop,2018.0,95,0.56,0.794,-2.82,0.224,0.589,0.128,0.105,0.321,169.35,276063,True
SPOT018,Top Song 18,Imagine Dragons,Album 9,R&B,2020.0,79,0.353,0.409,-5.61,0.179,0.496,0.045,0.513,0.378,109.17,285059,False
SPOT019,Top Song 19,Olivia Rodrigo,Album 10,Rock,2025.0,61,0.783,0.509,-5.66,0.137,0.485,0.05,0.433,0.934,126.11,286967,False
SPOT020,Top Song 20,Shawn Mendes,Album 10,EDM,2019.0,75,0.652,0.692,-6.06,0.065,0.547,0.056,0.066,0.684,93.6,274123,False
SPOT021,Top Song 21,Arijit Singh,Album 11,Pop,2023.0,60,0.572,0.311,-2.57,0.118,0.726,0.193,0.604,0.421,115.44,156102,False
SPOT022,Top Song 22,Taylor Swift,Album 11,Hip-Hop,2020.0,72,0.684,0.937,-4.43,0.151,0.091,0.123,0.694,0.305,129.42,255864,False
SPOT023,Top Song 23,The Weeknd,Album 12,R&B,2025.0,93,0.526,0.85,-3.52,0.219,0.687,0.102,0.376,0.799,143.25,156655,False
SPOT024,Top Song 24,Drake,Album 12,Rock,2023.0,66,0.882,0.319,-5.37,0.121,0.511,0.066,0.151,0.936,163.09,181024,True
SPOT025,Top Song 25,Billie Eilish,Album 13,EDM,2023.0,69,0.566,0.386,-5.82,0.197,0.178,0.125,0.105,0.239,130.79,223523,True
SPOT026,Top Song 26,Ed Sheeran,Album 13,Pop,2019.0,96,0.544,0.841,-7.83,0.121,0.077,0.005,0.676,0.827,148.08,224740,True
SPOT027,Top Song 27,Dua Lipa,Album 14,Hip-Hop,2019.0,55,0.615,0.463,-9.25,0.062,0.702,0.128,0.386,0.693,120.75,217215,True
SPOT028,Top Song 28,Ariana Grande,Album 14,R&B,2023.0,83,0.42,0.331,-9.67,0.217,0.534,0.095,0.114,0.569,124.71,206573,False
SPOT029,Top Song 29,Bad Bunny,Album 15,Rock,2024.0,64,0.919,0.903,-7.91,0.024,0.701,0.1,0.401,0.713,139.66,254182,False
SPOT030,Top Song 30,Justin Bieber,Album 15,EDM,2021.0,86,0.914,0.691,-6.89,0.168,0.355,0.109,0.662,0.49,175.93,219449,False
SPOT031,Top Song 31,Post Malone,Album 16,Pop,2022.0,67,0.479,0.557,-9.69,0.162,0.266,0.131,0.301,0.711,110.77,207458,False
SPOT032,Top Song 32,Bruno Mars,Album 16,Hip-Hop,,99,0.912,0.327,-6.66,0.243,0.42,0.085,0.42,0.632,151.82,167955,False
SPOT033,Top Song 33,Harry Styles,Album 17,R&B,2024.0,86,0.554,0.933,-3.13,0.119,0.568,0.151,0.117,0.877,128.05,281800,False
SPOT034,Top Song 34,SZA,Album 17,Rock,2020.0,73,0.584,0.307,-2.76,0.041,0.253,0.19,0.668,0.63,141.34,236900,True
SPOT035,Top Song 35,Adele,Album 18,EDM,2021.0,79,0.682,0.445,-2.43,0.2,0.103,0.186,0.683,0.947,80.87,188102,False
SPOT036,Top Song 36,Doja Cat,Album 18,Pop,2020.0,72,0.931,0.768,-3.3,0.219,0.632,0.085,0.195,0.497,168.65,238092,True
SPOT037,Top Song 37,Coldplay,Album 19,Hip-Hop,2020.0,62,0.575,0.552,-3.5,0.238,0.74,0.151,0.295,0.263,156.6,176790,False
SPOT038,Top Song 38,Imagine Dragons,Album 19,R&B,2019.0,73,0.417,0.635,-9.91,0.128,0.061,0.024,0.126,0.687,153.33,230219,False
SPOT039,Top Song 39,Olivia Rodrigo,Album 20,Rock,2024.0,79,0.871,0.452,-2.29,0.023,0.728,0.009,0.629,0.596,179.26,171732,False
SPOT040,Top Song 40,Shawn Mendes,Album 20,EDM,2020.0,74,0.395,0.413,-8.27,0.088,0.747,0.139,0.3,0.753,171.1,249657,False
SPOT041,Top Song 41,Arijit Singh,Album 21,Pop,2025.0,92,0.623,0.722,-7.78,0.063,0.358,0.071,0.429,0.258,177.31,170159,False
SPOT042,Top Song 42,Taylor Swift,Album 21,Hip-Hop,2024.0,71,0.518,0.58,-5.18,0.082,0.117,0.015,0.661,0.512,136.02,279473,True
SPOT043,Top Song 43,The Weeknd,Album 22,R&B,2023.0,99,0.449,0.58,-3.78,0.13,0.739,0.075,0.537,0.495,162.06,196540,True
SPOT044,Top Song 44,Drake,Album 22,Rock,2018.0,89,0.43,0.309,-9.4,0.179,0.41,0.15,0.644,0.639,151.24,154809,False
SPOT045,Top Song 45,Billie Eilish,Album 23,EDM,2018.0,75,0.62,0.388,-2.37,0.159,0.187,0.134,0.452,0.469,86.92,164489,False
SPOT046,Top Song 46,Ed Sheeran,Album 23,Pop,2023.0,57,0.662,0.879,-5.58,0.149,0.66,0.081,0.137,0.222,154.29,189764,False
SPOT047,Top Song 47,Dua Lipa,Album 24,Hip-Hop,2020.0,93,0.432,0.31,-7.2,0.156,0.306,0.087,0.638,0.461,128.97,247239,False
SPOT048,Top Song 48,Ariana Grande,Album 24,R&B,2023.0,96,0.867,0.946,-8.82,0.233,0.379,0.052,0.348,0.935,126.72,219836,False
SPOT049,Top Song 49,Bad Bunny,Album 25,Rock,2020.0,65,0.396,0.388,-8.98,0.055,0.121,0.128,0.168,0.459,169.16,251570,False
SPOT050,Top Song 50,Justin Bieber,Album 25,EDM,2025.0,73,0.843,0.535,-7.22,0.027,0.421,0.107,0.281,0.871,88.52,241865,False
SPOT051,Top Song 51,Post Malone,Album 26,Pop,2018.0,80,0.83,0.727,-9.35,0.221,0.692,0.012,0.23,0.805,153.57,200428,False
SPOT052,Top Song 52,Bruno Mars,Album 26,Hip-Hop,2024.0,76,0.492,0.817,-5.75,0.186,0.066,0.03,0.137,0.715,163.67,188638,True
SPOT053,Top Song 53,Harry Styles,Album 27,R&B,2019.0,92,0.67,0.465,-7.85,0.107,0.035,0.064,0.187,0.446,87.58,254592,False
SPOT054,Top Song 54,SZA,Album 27,Rock,2018.0,58,0.563,0.741,-6.16,0.154,0.558,0.112,0.431,0.623,114.77,198447,False
SPOT055,Top Song 55,Adele,Album 28,EDM,2025.0,99,0.548,0.935,-9.94,0.072,0.287,0.098,0.603,0.266,159.62,274040,True
SPOT056,Top Song 56,Doja Cat,Album 28,Pop,2020.0,85,0.596,0.968,-9.1,0.112,0.728,0.173,0.581,0.393,92.94,163234,False
SPOT057,Top Song 57,Coldplay,Album 29,Hip-Hop,2019.0,69,0.671,0.624,-3.29,0.067,0.727,0.142,0.18,0.752,130.63,217584,False
SPOT058,Top Song 58,Imagine Dragons,Album 29,R&B,2025.0,92,0.699,0.405,-6.15,0.142,0.058,0.067,0.137,0.248,178.95,266748,False
SPOT059,Top Song 59,Olivia Rodrigo,Album 30,Rock,2021.0,55,0.433,0.302,-9.07,0.129,0.462,0.159,0.119,0.838,153.33,192929,True
SPOT060,Top Song 60,Shawn Mendes,Album 30,EDM,2025.0,65,0.913,0.423,-9.47,0.19,0.439,0.168,0.141,0.796,96.17,238861,False
SPOT061,Top Song 61,Arijit Singh,Album 31,Pop,2022.0,59,0.491,0.731,-2.74,0.093,0.449,0.137,0.344,0.735,169.47,223340,False
SPOT062,Top Song 62,Taylor Swift,Album 31,Hip-Hop,2024.0,69,0.696,0.542,-6.87,0.142,0.069,0.046,0.403,0.524,109.95,233122,False
SPOT063,Top Song 63,The Weeknd,Album 32,R&B,2025.0,69,0.877,0.637,-4.07,0.152,0.748,0.15,0.51,0.784,90.03,217779,False
SPOT064,Top Song 64,Drake,Album 32,Rock,2019.0,59,0.876,0.533,-3.43,0.045,0.638,0.025,0.308,0.798,90.74,164382,False
SPOT065,Top Song 65,Billie Eilish,,EDM,2022.0,56,0.357,0.707,-5.48,0.185,0.457,0.165,0.673,0.457,98.87,205318,False
SPOT066,Top Song 66,Ed Sheeran,Album 33,Pop,2023.0,97,0.442,0.699,-5.95,0.161,0.033,0.174,0.656,0.624,148.15,210279,True
SPOT067,Top Song 67,Dua Lipa,Album 34,Hip-Hop,2024.0,96,0.813,0.555,-9.45,0.038,0.096,0.168,0.642,0.292,99.77,282717,True
SPOT068,Top Song 68,Ariana Grande,Album 34,R&B,2024.0,55,0.872,0.653,-5.27,0.112,0.06,0.067,0.572,0.203,110.02,213731,False
SPOT069,Top Song 69,Bad Bunny,Album 35,Rock,2020.0,92,0.558,0.536,-4.1,0.124,0.184,0.09,0.142,0.332,127.33,169956,False
SPOT070,Top Song 70,Justin Bieber,Album 35,EDM,2018.0,83,0.698,0.73,-9.9,0.173,0.15,0.192,0.147,0.511,83.96,212823,False
SPOT071,Top Song 71,Post Malone,Album 36,Pop,2018.0,86,0.39,0.81,-8.32,0.227,0.17,0.038,0.074,0.554,134.31,299521,False
SPOT072,Top Song 72,Bruno Mars,Album 36,Hip-Hop,2020.0,56,0.671,0.627,-6.02,0.196,0.095,0.067,0.099,0.765,103.59,281026,False
SPOT073,Top Song 73,Harry Styles,Album 37,R&B,2021.0,87,0.365,0.406,-4.27,0.172,0.04,0.044,0.2,0.704,77.07,222258,False
SPOT074,Top Song 74,SZA,Album 37,Rock,2021.0,62,0.41,0.465,-4.22,0.217,0.626,0.079,0.484,0.354,105.78,298399,True
SPOT075,Top Song 75,Adele,Album 38,EDM,2019.0,61,0.792,0.877,-9.02,0.222,0.489,0.141,0.642,0.669,110.27,296430,False
SPOT076,Top Song 76,Doja Cat,Album 38,Pop,2024.0,66,0.848,0.535,-3.81,0.103,0.649,0.044,0.683,0.785,86.99,169063,False
SPOT077,Top Song 77,Coldplay,Album 39,Hip-Hop,2024.0,86,0.605,0.315,-7.85,0.145,0.482,0.052,0.141,0.826,178.36,276678,False
SPOT078,Top Song 78,Imagine Dragons,Album 39,R&B,2023.0,72,0.668,0.854,-6.02,0.035,0.316,0.099,0.518,0.28,89.7,201226,False
SPOT079,Top Song 79,Olivia Rodrigo,Album 40,Rock,2023.0,81,0.708,0.708,-4.68,0.06,0.688,0.084,0.299,0.589,79.93,251371,False
SPOT080,Top Song 80,Shawn Mendes,Album 40,EDM,2018.0,90,0.813,0.346,-3.3,0.121,0.688,0.144,0.447,0.912,116.65,154853,True
SPOT081,Top Song 81,Arijit Singh,Album 41,Pop,2025.0,87,0.512,0.667,-8.7,0.214,0.638,0.191,0.151,0.667,124.79,250424,True
SPOT082,Top Song 82,Taylor Swift,Album 41,Hip-Hop,2018.0,55,0.647,0.768,-6.52,0.077,0.618,0.16,0.502,0.404,136.97,201474,False
SPOT083,Top Song 83,The Weeknd,Album 42,R&B,2020.0,71,0.92,0.603,-8.52,0.145,0.657,0.146,0.574,0.694,147.69,208053,False
SPOT084,Top Song 84,Drake,Album 42,Rock,2019.0,79,0.738,0.771,-9.59,0.174,0.052,0.118,0.7,0.617,124.69,194813,True
SPOT085,Top Song 85,Billie Eilish,Album 43,EDM,2024.0,63,0.466,0.378,-6.63,0.203,0.564,0.011,0.346,0.592,142.68,239613,False
SPOT086,Top Song 86,Ed Sheeran,Album 43,Pop,2020.0,98,0.422,0.352,-4.43,0.098,0.549,0.013,0.255,0.605,158.03,265608,False
SPOT087,Top Song 87,Dua Lipa,Album 44,Hip-Hop,2018.0,70,0.606,0.896,-6.66,0.126,0.743,0.0,0.171,0.488,172.92,246122,False
SPOT088,Top Song 88,Ariana Grande,Album 44,R&B,2021.0,83,0.81,0.573,-6.16,0.164,0.658,0.197,0.549,0.513,119.24,293748,False
SPOT089,Top Song 89,Bad Bunny,Album 45,Rock,2018.0,57,0.63,0.502,-3.18,0.185,0.45,0.055,0.642,0.234,86.49,272744,False
SPOT090,Top Song 90,Justin Bieber,Album 45,EDM,2021.0,91,0.822,0.361,-6.66,0.222,0.71,0.093,0.449,0.325,179.07,278583,False
SPOT091,Top Song 91,Post Malone,Album 46,Pop,2024.0,99,0.422,0.332,-6.93,0.028,0.719,0.165,0.571,0.672,97.71,196600,False
SPOT092,Top Song 92,Bruno Mars,Album 46,Hip-Hop,2019.0,96,0.659,0.634,-2.03,0.226,0.358,0.125,0.536,0.226,168.97,233300,True
SPOT093,Top Song 93,Harry Styles,Album 47,R&B,2018.0,57,0.514,0.624,-9.64,0.216,0.046,0.066,0.656,0.751,104.55,255595,False
SPOT094,Top Song 94,SZA,Album 47,Rock,2025.0,59,0.379,0.662,-2.3,0.045,0.673,0.198,0.09,0.862,129.19,234082,False
SPOT095,Top Song 95,Adele,Album 48,EDM,2025.0,94,0.757,0.685,-7.86,0.222,0.602,0.132,0.603,0.85,149.38,247624,False
SPOT096,Top Song 96,Doja Cat,Album 48,Pop,2021.0,81,0.802,0.408,-2.95,0.221,0.041,0.165,0.134,0.451,153.07,242241,False
SPOT097,Top Song 97,Coldplay,Album 49,Hip-Hop,2023.0,67,0.654,0.304,-7.7,0.162,0.736,0.126,0.219,0.676,131.7,282079,True
SPOT098,Top Song 98,Imagine Dragons,Album 49,R&B,2023.0,61,0.675,0.955,-7.27,0.166,0.7,0.021,0.659,0.716,82.12,273797,False
SPOT099,Top Song 99,Olivia Rodrigo,Album 50,Rock,2023.0,55,0.385,0.351,-3.18,0.248,0.514,0.089,0.471,0.646,115.28,207372,True
SPOT100,Top Song 100,Shawn Mendes,Album 50,EDM,2023.0,69,0.841,0.472,-9.99,0.057,0.362,0.189,0.116,0.841,130.34,225932,False
